﻿Designator,Footprint,Quantity,Value,LCSC Part #
"C1, C17, C32, C33",0603,4,10u,
"C10, C11, C14, C18, C19, C2, C23, C25, C28, C29, C3, C31, C35, C37, C39, C41, C43, C45, C46, C47, C50, C54, C56, C60, C62, C7, C8, C9",0603,28,100n,
"C12, C48, C57",0603,3,4u7,
"C13, C20, C21, C22, C24, C26, C27, C30, C34, C36, C38, C40, C42, C44, C53, C55, C59, C61",0603,18,1u,
"C15, C16",0603,2,27p,
"C4, C5",0603,2,22u,
"C49, C51",0603,2,1n,
C6,0603,1,75p,
"D1, D4",0805,2,GREEN,
D10,D_SOD-323,1,CUS520,
"D3, D5, D6, D7, D8",0805,5,PWR_VBUS,
D9,0805,1,HEARTBEAT,
J1,PinHeader_1x04_P2.54mm_Vertical,1,ST_LINK,
"J10, J14, J15, J9",PinHeader_1x01_P2.54mm_Vertical,4,GND,
J11,PinHeader_1x01_P2.54mm_Vertical,1,SPI1_MISO,
J12,PinHeader_1x01_P2.54mm_Vertical,1,SPI2_NSS,
J13,PinHeader_1x01_P2.54mm_Vertical,1,SPI3_SCK,
J16,PinHeader_1x01_P2.54mm_Vertical,1,BUCK_IN,
J17,PinHeader_1x01_P2.54mm_Vertical,1,VBUCK_5V,
J18,PinHeader_1x01_P2.54mm_Vertical,1,V_{DD},
J19,PinHeader_1x01_P2.54mm_Vertical,1,UART_TX_FIBER,
J2,"TerminalBlock_Phoenix_MPT-0,5-2-2.54_1x02_P2.54mm_Horizontal",1,Power Connector,
J20,PinHeader_1x01_P2.54mm_Vertical,1,SPI3_MISO,
J21,PinHeader_1x01_P2.54mm_Vertical,1,SPI3_NSS1,
J22,"TerminalBlock_Phoenix_MPT-0,5-2-2.54_1x02_P2.54mm_Horizontal",1,V_{Bus},
J24,PinHeader_1x01_P2.54mm_Vertical,1,SPI3_NSS2,
J25,PinHeader_1x01_P2.54mm_Vertical,1,SPI2_SCK,
J26,PinHeader_1x01_P2.54mm_Vertical,1,SPI2_MISO,
J27,PinHeader_1x01_P2.54mm_Vertical,1,V_{BUS_SENSOR},
J28,PinHeader_1x01_P2.54mm_Vertical,1,V_{CURRENT_SENSOR},
J29,PinHeader_1x01_P2.54mm_Vertical,1,V_{TEMP_SENSOR},
J3,"TerminalBlock_Phoenix_MPT-0,5-2-2.54_1x02_P2.54mm_Horizontal",1,XFRMR,
J30,PinHeader_1x01_P2.54mm_Vertical,1,V_{XFRMR_IN_SHIFT},
J31,PinHeader_1x01_P2.54mm_Vertical,1,SPI2_MOSI,
J4,PinHeader_1x01_P2.54mm_Vertical,1,SPI1_NSS,
J5,PinHeader_1x01_P2.54mm_Vertical,1,SPI1_SCK,
J6,PinHeader_1x05_P2.54mm_Vertical,1,Extra GPIOs,
J7,"TerminalBlock_Phoenix_MPT-0,5-2-2.54_1x02_P2.54mm_Horizontal",1,EXT_UART,
J8,IF-E96E_IFB,1,IF-E96E,
L1,SM7850-100MT,1,10u,
Q1,SOT-23,1,AO3401A,
Q2,TO-92_Inline,1,2N3906,
R1,0603,1,511k,
"R10, R11, R12, R15, R17, R19, R22",0603,7,10k,
R13,1206,1,2k2,
"R14, R16, R18, R23, R7, R9",0603,6,1k5,
R2,0603,1,105k,
"R20, R4",0603,2,100k,
R21,0805,1,62,
R24,R_Axial_DIN0204_L3.6mm_D1.6mm_P5.08mm_Horizontal,1,900k,
R25,1206,1,100k,
"R26, R27, R6",0603,3,5k1,
R3,0603,1,49.9,
R5,0603,1,13k3,
R8,1206,1,2,
SW2,SW_SPST_PTS647_Sx50,1,SW_Push,
"TC1, TC2","TerminalBlock_Phoenix_MPT-0,5-2-2.54_1x02_P2.54mm_Horizontal",2,Thermocouple,
U1,LQFP-64_10x10mm_P0.5mm,1,STM32F105R8Tx,
"U10, U11, U8, U9",SOT-23-5,4,LP5907MFX-3.3,
U13,SOT-23-5,1,TLV70245_SOT23-5,
U14,VSSOP-8_2.3x2mm_P0.5mm,1,ADS7042xDCU,
U15,SOT95P280X145-5N,1,AD8531ARTZ-REEL7,AD8531ARTZ-REEL7
U2,SOT-23-6,1,TPS54302,
U3,R_8_ADI,1,OP777ARMZ,
U4,SOT-23-6,1,REF35330QDBVR,
U5,DGS0010A_N,1,ADS8866IDGSR,
"U6, U7",SOIC-8_3.9x4.9mm_P1.27mm,2,MAX31855KASA,
Y1,Crystal_SMD_3225-4Pin_3.2x2.5mm,1,YSX321SL,
